{
  "ResNet-18": {
    "loss_entrenamiento": [
      4.598706354141235,
      4.119544415473938,
      2.902074730873108,
      2.190157830238342,
      1.7871282510757447,
      1.5225978322029114,
      1.3234252479076385,
      1.1828338477611542,
      1.1039122791290283,
      1.0715901308059692
    ],
    "loss_validacion": [
      4.531201481819153,
      3.322423294186592,
      2.3298494294285774,
      1.862517025321722,
      1.612726554274559,
      1.4518517591059208,
      1.3497848026454449,
      1.3135960418730974,
      1.2792856208980083,
      1.2705910354852676
    ],
    "precision_entrenamiento": [
      1.6125,
      8.6,
      25.3,
      38.9625,
      47.925,
      55.4375,
      61.2,
      65.5875,
      68.4625,
      69.65
    ],
    "precision_validacion": [
      3.5,
      18.4,
      34.1,
      45.1,
      52.8,
      56.2,
      58.2,
      60.5,
      62.2,
      62.2
    ],
    "precision_top5_validacion": [
      13.1,
      47.1,
      69.8,
      79.8,
      82.8,
      86.9,
      87.5,
      87.5,
      88.6,
      88.3
    ],
    "tiempos_epoca": [
      71.40366101264954,
      71.56078624725342,
      71.17691206932068,
      71.90539598464966,
      71.85522294044495,
      71.22804617881775,
      71.19351696968079,
      71.17870211601257,
      71.38722491264343,
      71.16632318496704
    ]
  },
  "ResNet-34": {
    "loss_entrenamiento": [
      4.6044449062347415,
      4.236430994987487,
      2.9433793125152587,
      2.258562250137329,
      1.8866994423866272,
      1.6107299313545227,
      1.4159598581790924,
      1.2725308067798615,
      1.1827735087871551,
      1.1417086427211762
    ],
    "loss_validacion": [
      4.56002077460289,
      3.3903031051158905,
      2.3257571682333946,
      1.8676558025181293,
      1.634780440479517,
      1.4844359904527664,
      1.3560319766402245,
      1.317971920594573,
      1.286139328032732,
      1.2689010687172413
    ],
    "precision_entrenamiento": [
      1.2125,
      6.35,
      22.425,
      35.7375,
      44.2375,
      51.6,
      57.6,
      61.4875,
      64.0,
      65.9375
    ],
    "precision_validacion": [
      2.5,
      15.0,
      31.3,
      44.6,
      49.6,
      53.9,
      57.2,
      59.2,
      59.3,
      60.6
    ],
    "precision_top5_validacion": [
      10.3,
      43.3,
      70.7,
      80.2,
      83.6,
      86.7,
      87.4,
      88.2,
      89.3,
      89.5
    ],
    "tiempos_epoca": [
      87.06022310256958,
      87.4095561504364,
      86.54496812820435,
      86.74481296539307,
      86.17820429801941,
      86.12116289138794,
      86.4378502368927,
      86.14683890342712,
      90.15301012992859,
      87.22612595558167
    ]
  },
  "ResNet-50": {
    "loss_entrenamiento": [
      4.58880354116063,
      3.5994651874382337,
      2.365296798908782,
      1.7621912081798394,
      1.4088589618662875,
      1.1465477925574707,
      0.9510392012174972,
      0.8014552942114676,
      0.7004866374288491,
      0.6626034019860679
    ],
    "loss_validacion": [
      4.473549070812407,
      2.7022760141463507,
      1.8861149521101088,
      1.489999342532385,
      1.2893505578949338,
      1.217183822677249,
      1.0346416234970093,
      0.9954556822776794,
      1.069966046583085,
      0.9906196977410998
    ],
    "precision_entrenamiento": [
      1.75,
      13.4125,
      33.8375,
      47.1875,
      56.2625,
      64.0625,
      70.125,
      75.025,
      77.975,
      79.55
    ],
    "precision_validacion": [
      5.0,
      23.9,
      42.9,
      54.3,
      59.6,
      63.1,
      69.0,
      69.8,
      70.0,
      70.4
    ],
    "precision_top5_validacion": [
      17.4,
      58.3,
      79.0,
      87.3,
      89.5,
      91.9,
      92.6,
      92.9,
      93.2,
      93.1
    ],
    "tiempos_epoca": [
      128.90942215919495,
      126.81278705596924,
      126.77890801429749,
      126.86769986152649,
      127.87505102157593,
      127.1729006767273,
      127.38616490364075,
      126.93331599235535,
      127.08025789260864,
      127.16740393638611
    ]
  },
  "EfficientNet-B0": {
    "loss_entrenamiento": [
      4.526595205307006,
      2.693985780715942,
      1.5038579487800598,
      1.2130664412975312,
      0.9656326910257339,
      0.7398414394855499,
      0.5596982397437096,
      0.428882419526577,
      0.30607034626603125,
      0.20671622307598592,
      0.13449714413285255,
      0.08382674467563629,
      0.06248098623007536,
      0.04653938285075128,
      0.04137326151970774
    ],
    "loss_validacion": [
      3.8176614195108414,
      1.697969440370798,
      1.4053518138825893,
      1.2379848472774029,
      0.9830486867576838,
      0.9308161772787571,
      0.9066390711814165,
      0.9218752346932888,
      0.9205829966813326,
      0.8284083865582943,
      0.7851013373583555,
      0.7459239726886153,
      0.7550679836422205,
      0.7530248947441578,
      0.7591765150427818
    ],
    "precision_entrenamiento": [
      3.95,
      32.2875,
      55.0875,
      62.575,
      69.6625,
      76.275,
      81.45,
      85.6125,
      89.5625,
      93.1375,
      95.875,
      97.5125,
      98.1375,
      98.85,
      98.95
    ],
    "precision_validacion": [
      14.4,
      51.2,
      57.6,
      62.7,
      70.1,
      71.2,
      73.0,
      74.9,
      75.8,
      79.6,
      81.6,
      82.9,
      82.5,
      81.9,
      81.7
    ],
    "precision_top5_validacion": [
      34.3,
      84.4,
      89.6,
      91.1,
      93.2,
      93.9,
      94.6,
      94.3,
      94.2,
      94.8,
      95.0,
      95.7,
      95.3,
      95.6,
      95.4
    ],
    "tiempos_epoca": [
      149.51644492149353,
      148.93546295166016,
      148.4590129852295,
      148.2291121482849,
      147.96660804748535,
      147.95274806022644,
      148.42744517326355,
      147.91421604156494,
      147.93371605873108,
      147.91585206985474,
      148.2762999534607,
      148.10507678985596,
      147.98572206497192,
      147.80061626434326,
      148.3841609954834
    ]
  },
  "EfficientNet-B1": {
    "loss_entrenamiento": [
      4.02504584255752,
      2.0717846638672834,
      1.90540907141212,
      1.6859030523500242,
      1.4571073765938098,
      1.2036602901412057,
      0.9911032665025937,
      0.8291739699515429,
      0.6677243323488669,
      0.5253005143437353,
      0.35727473812086596,
      0.24428780787214116,
      0.1584699176238863,
      0.11639782950164868,
      0.09959223660659956
    ],
    "loss_validacion": [
      2.4502344131469727,
      2654745850.999554,
      2.023451288541158,
      1.778978516658147,
      1.3189953830507066,
      1.2112248308128781,
      1.099083400434918,
      1.01474320060677,
      0.8283345682753457,
      0.7424640042914284,
      0.7019649239050018,
      0.6664945839179887,
      0.6435530968010426,
      0.6297854404482577,
      0.6268639291326205
    ],
    "precision_entrenamiento": [
      11.525,
      41.9,
      45.225,
      50.375,
      56.4375,
      62.5,
      68.1125,
      73.725,
      77.85,
      82.475,
      88.575,
      91.8875,
      95.1125,
      96.6125,
      97.1875
    ],
    "precision_validacion": [
      36.6,
      39.7,
      44.0,
      49.1,
      62.1,
      63.3,
      66.9,
      69.7,
      75.4,
      77.9,
      80.1,
      83.2,
      83.9,
      85.7,
      85.3
    ],
    "precision_top5_validacion": [
      67.7,
      75.6,
      81.0,
      84.1,
      88.4,
      90.7,
      91.7,
      92.1,
      94.2,
      94.9,
      95.1,
      95.0,
      95.7,
      95.7,
      95.5
    ],