{
  "ResNet-18": {
    "loss_entrenamiento": [
      0.705279602587223,
      0.6488962211608886,
      0.600431918144226
    ],
    "loss_validacion": [
      0.6508189216256142,
      0.6523211970925331,
      0.6541643254458904
    ],
    "precision_entrenamiento": [
      79.3125,
      79.7625,
      79.7625
    ],
    "precision_validacion": [
      79.9,
      79.9,
      79.9
    ],
    "precision_top5_validacion": [
      100.0,
      100.0,
      100.0
    ],
    "tiempos_epoca": [
      102.27703714370728,
      102.1434600353241,
      101.93220591545105
    ]
  },
  "ResNet-34": {
    "loss_entrenamiento": [
      0.702750785946846,
      0.6463911406993866,
      0.5924254829883575
    ],
    "loss_validacion": [
      0.6625324189662933,
      0.655640572309494,
      0.6714429557323456
    ],
    "precision_entrenamiento": [
      79.2625,
      79.7625,
      79.7625
    ],
    "precision_validacion": [
      79.9,
      79.9,
      79.9
    ],
    "precision_top5_validacion": [
      100.0,
      100.0,
      100.0
    ],
    "tiempos_epoca": [
      139.93988394737244,
      140.66067004203796,
      139.78283405303955
    ]
  },
  "ResNet-50": {
    "loss_entrenamiento": [
      0.7142578728363186,
      0.6493138517448288,
      0.601190027496415
    ],
    "loss_validacion": [
      0.6553345251651037,
      0.6476687292257944,
      0.6532968907129197
    ],
    "precision_entrenamiento": [
      77.575,
      79.7625,
      79.7625
    ],
    "precision_validacion": [
      79.9,
      79.9,
      79.9
    ],
    "precision_top5_validacion": [
      100.0,
      100.0,
      100.0
    ],
    "tiempos_epoca": [
      221.71720504760742,
      221.1938192844391,
      226.71566605567932
    ]
  },
  "EfficientNet-B0": {
    "loss_entrenamiento": [
      1.3005384789705277,
      0.6420605087280273,
      0.33572721672058103
    ],
    "loss_validacion": [
      0.70597243309021,
      0.7210022769868374,
      0.8584557585418224
    ],
    "precision_entrenamiento": [
      69.0875,
      79.75,
      87.8375
    ],
    "precision_validacion": [
      79.1,
      79.3,
      78.0
    ],
    "precision_top5_validacion": [
      100.0,
      100.0,
      100.0
    ],
    "tiempos_epoca": [
      153.2879421710968,
      152.07603693008423,
      151.46065998077393
    ]
  },
  "EfficientNet-B1": {
    "loss_entrenamiento": [
      1.2989999715473268,
      0.6510913652348351,
      0.608509910533895
    ],
    "loss_validacion": [
      0.8262403607368469,
      0.6721375303135978,
      0.683863028883934
    ],
    "precision_entrenamiento": [
      69.9875,
      79.7625,
      79.775
    ],
    "precision_validacion": [
      79.9,
      79.9,
      79.8
    ],
    "precision_top5_validacion": [
      100.0,
      100.0,
      100.0
    ],
    "tiempos_epoca": [
      223.04561185836792,
      218.89462304115295,
      218.09735703468323
    ]
  },
  "EfficientNet-B2": {
    "loss_entrenamiento": [
      1.0732385320216418,
      0.6241177410259843,
      0.3132544143497944
    ],
    "loss_validacion": [
      0.6566594052314758,
      0.6640267980098724,
      0.90420560836792
    ],
    "precision_entrenamiento": [
      73.1125,
      79.875,
      88.85
    ],
    "precision_validacion": [
      79.9,
      79.6,
      75.6
    ],
    "precision_top5_validacion": [
      100.0,
      100.0,
      100.0
    ],
    "tiempos_epoca": [
      295.26895904541016,
      290.9883770942688,
      292.27957582473755
    ]
  },
  "DenseNet-121": {
    "loss_entrenamiento": [
      0.7133089199066162,
      0.6623027859926224,
      0.6286475667953492
    ],
    "loss_validacion": [
      0.6962794475257397,
      0.6745004653930664,
      0.6612357161939144
    ],
    "precision_entrenamiento": [
      78.1375,
      79.7625,
      79.7625
    ],
    "precision_validacion": [
      79.9,
      79.9,
      79.9
    ],
    "precision_top5_validacion": [
      100.0,
      100.0,
      100.0
    ],
    "tiempos_epoca": [
      224.49615502357483,
      220.52942204475403,
      220.29276490211487
    ]
  },
  "DenseNet-169": {
    "loss_entrenamiento": [
      0.6984913128757191,
      0.663342792250796,
      0.6483503547524978
    ],
    "loss_validacion": [
      0.7153760152203696,
      0.6422562343733651,
      0.6409118104548681
    ],
    "precision_entrenamiento": [
      77.8125,
      79.6875,
      79.7625
    ],
    "precision_validacion": [
      79.6,
      79.9,
      79.9
    ],
    "precision_top5_validacion": [
      100.0,
      100.0,
      100.0
    ],
    "tiempos_epoca": [
      275.1479091644287,
      262.3809962272644,
      268.2303478717804
    ]
  }
}