{
  "ResNet-18": {
    "loss_entrenamiento": [
      4.598706354141235,
      4.119544415473938,
      2.902074730873108,
      2.190157830238342,
      1.7871282510757447,
      1.5225978322029114,
      1.3234252479076385,
      1.1828338477611542,
      1.1039122791290283,
      1.0715901308059692
    ],
    "loss_validacion": [
      4.531201481819153,
      3.322423294186592,
      2.3298494294285774,
      1.862517025321722,
      1.612726554274559,
      1.4518517591059208,
      1.3497848026454449,
      1.3135960418730974,
      1.2792856208980083,
      1.2705910354852676
    ],
    "precision_entrenamiento": [
      1.6125,
      8.6,
      25.3,
      38.9625,
      47.925,
      55.4375,
      61.2,
      65.5875,
      68.4625,
      69.65
    ],
    "precision_validacion": [
      3.5,
      18.4,
      34.1,
      45.1,
      52.8,
      56.2,
      58.2,
      60.5,
      62.2,
      62.2
    ],
    "precision_top5_validacion": [
      13.1,
      47.1,
      69.8,
      79.8,
      82.8,
      86.9,
      87.5,
      87.5,
      88.6,
      88.3
    ],
    "tiempos_epoca": [
      71.40366101264954,
      71.56078624725342,
      71.17691206932068,
      71.90539598464966,
      71.85522294044495,
      71.22804617881775,
      71.19351696968079,
      71.17870211601257,
      71.38722491264343,
      71.16632318496704
    ]
  }
}